origin_url,error
https://yuanliuschool.com/wp-content/uploads/2015/08/ISIPCA_3.jpg,404 Client Error: Not Found for url: https://yuanliuschool.com/wp-content/uploads/2015/08/ISIPCA_3.jpg
https://yuanliuschool.com/wp-content/uploads/2015/08/ISIPCA_sample.jpg,404 Client Error: Not Found for url: https://yuanliuschool.com/wp-content/uploads/2015/08/ISIPCA_sample.jpg
https://yuanliuschool.com/wp-content/uploads/2015/08/Perfume_Shalimar.jpg,404 Client Error: Not Found for url: https://yuanliuschool.com/wp-content/uploads/2015/08/Perfume_Shalimar.jpg
https://yuanliuschool.com/wp-content/uploads/2018/11/%E5%9F%BA%E7%A4%8E%E7%8F%AD%E5%90%8C%E5%AD%B8-%E5%9B%9B%E5%90%88%E4%B8%80-03logo.jpg,404 Client Error: Not Found for url: https://yuanliuschool.com/wp-content/uploads/2018/11/%E5%9F%BA%E7%A4%8E%E7%8F%AD%E5%90%8C%E5%AD%B8-%E5%9B%9B%E5%90%88%E4%B8%80-03logo.jpg
https://yuanliuschool.com/wp-content/uploads/2018/11/%E7%B6%93%E5%85%B8%E9%A6%99%E6%B0%9B-%E5%9B%9B%E5%90%88%E4%B8%80.jpg,404 Client Error: Not Found for url: https://yuanliuschool.com/wp-content/uploads/2018/11/%E7%B6%93%E5%85%B8%E9%A6%99%E6%B0%9B-%E5%9B%9B%E5%90%88%E4%B8%80.jpg
https://yuanliuschool.com/wp-content/uploads/2018/11/Axelle-01.jpg,404 Client Error: Not Found for url: https://yuanliuschool.com/wp-content/uploads/2018/11/Axelle-01.jpg
https://yuanliuschool.com/wp-content/uploads/2018/11/ISIPCA-%E4%BA%BA%E7%89%A9.jpg,404 Client Error: Not Found for url: https://yuanliuschool.com/wp-content/uploads/2018/11/ISIPCA-%E4%BA%BA%E7%89%A9.jpg
https://yuanliuschool.com/wp-content/uploads/2018/11/ISIPCA_Masters.jpg,404 Client Error: Not Found for url: https://yuanliuschool.com/wp-content/uploads/2018/11/ISIPCA_Masters.jpg
https://yuanliuschool.com/wp-content/uploads/2018/11/isipca_-page_acceuil_2_2.jpg,404 Client Error: Not Found for url: https://yuanliuschool.com/wp-content/uploads/2018/11/isipca_-page_acceuil_2_2.jpg
