url,route,local_path
https://yuanliuschool.com/,/,index.html
https://yuanliuschool.com/%E3%80%90isipca%E3%80%91%E8%AA%B2%E7%A8%8B%E8%A8%98%E5%AF%A6,/%E3%80%90isipca%E3%80%91%E8%AA%B2%E7%A8%8B%E8%A8%98%E5%AF%A6,%E3%80%90isipca%E3%80%91%E8%AA%B2%E7%A8%8B%E8%A8%98%E5%AF%A6.html
https://yuanliuschool.com/%E4%B8%80%E7%93%B6%E9%A6%99%E6%B0%A3%E7%9A%84%E5%8A%9B%E9%87%8F-%E6%95%99%E4%BD%A0%E7%94%A8%E8%8A%B3%E7%99%82%E5%9B%9E%E6%87%89%E5%AD%A9%E5%AD%90%E7%9A%84%E6%83%85%E7%B7%92,/%E4%B8%80%E7%93%B6%E9%A6%99%E6%B0%A3%E7%9A%84%E5%8A%9B%E9%87%8F-%E6%95%99%E4%BD%A0%E7%94%A8%E8%8A%B3%E7%99%82%E5%9B%9E%E6%87%89%E5%AD%A9%E5%AD%90%E7%9A%84%E6%83%85%E7%B7%92,__pages/9f754f29a0efa530ba40.html
https://yuanliuschool.com/%E4%BA%BA%E6%89%8D%E6%8B%9B%E5%8B%9F,/%E4%BA%BA%E6%89%8D%E6%8B%9B%E5%8B%9F,%E4%BA%BA%E6%89%8D%E6%8B%9B%E5%8B%9F.html
https://yuanliuschool.com/%E4%BB%96%E5%80%91%E9%83%BD%E6%98%AF%E7%95%A2%E6%A5%AD%E6%96%BCisipca%E7%9A%84%E8%AA%BF%E9%A6%99%E5%A4%A7%E5%B8%AB,/%E4%BB%96%E5%80%91%E9%83%BD%E6%98%AF%E7%95%A2%E6%A5%AD%E6%96%BCisipca%E7%9A%84%E8%AA%BF%E9%A6%99%E5%A4%A7%E5%B8%AB,__pages/c6c8baf6b5d6cb2df6f1.html
https://yuanliuschool.com/%E5%85%AC%E5%8F%B8%E7%B0%A1%E4%BB%8B,/%E5%85%AC%E5%8F%B8%E7%B0%A1%E4%BB%8B,%E5%85%AC%E5%8F%B8%E7%B0%A1%E4%BB%8B.html
https://yuanliuschool.com/%E5%86%AC%E5%AD%A3%E7%B7%9A%E4%B8%8A%E7%84%A6%E9%BB%9E%E8%AA%B2%E7%A8%8B,/%E5%86%AC%E5%AD%A3%E7%B7%9A%E4%B8%8A%E7%84%A6%E9%BB%9E%E8%AA%B2%E7%A8%8B,%E5%86%AC%E5%AD%A3%E7%B7%9A%E4%B8%8A%E7%84%A6%E9%BB%9E%E8%AA%B2%E7%A8%8B.html
https://yuanliuschool.com/%E5%89%B5%E5%82%B7%E5%92%8C%E6%88%90%E7%99%AE%E7%9A%84%E8%8A%B3%E9%A6%99%E7%99%82%E6%B3%95-1,/%E5%89%B5%E5%82%B7%E5%92%8C%E6%88%90%E7%99%AE%E7%9A%84%E8%8A%B3%E9%A6%99%E7%99%82%E6%B3%95-1,__pages/1bdd9059e5c69f3be19b.html
https://yuanliuschool.com/%E5%97%85%E8%A6%BA%E7%99%82%E6%B3%95-%E6%B0%A3%E5%91%B3%E8%88%87%E5%BF%83%E7%90%86%E7%9A%84%E5%AF%A6%E8%AD%89%E6%87%89%E7%94%A8,/%E5%97%85%E8%A6%BA%E7%99%82%E6%B3%95-%E6%B0%A3%E5%91%B3%E8%88%87%E5%BF%83%E7%90%86%E7%9A%84%E5%AF%A6%E8%AD%89%E6%87%89%E7%94%A8,__pages/9217b68a297e17dfb164.html
https://yuanliuschool.com/%E5%A4%8F%E5%AD%A3%E7%B7%9A%E4%B8%8A%E7%84%A6%E9%BB%9E%E8%AA%B2%E7%A8%8B,/%E5%A4%8F%E5%AD%A3%E7%B7%9A%E4%B8%8A%E7%84%A6%E9%BB%9E%E8%AA%B2%E7%A8%8B,%E5%A4%8F%E5%AD%A3%E7%B7%9A%E4%B8%8A%E7%84%A6%E9%BB%9E%E8%AA%B2%E7%A8%8B.html
https://yuanliuschool.com/%E5%AA%92%E9%AB%94%E5%B0%88%E8%A8%AA,/%E5%AA%92%E9%AB%94%E5%B0%88%E8%A8%AA,%E5%AA%92%E9%AB%94%E5%B0%88%E8%A8%AA.html
https://yuanliuschool.com/%E5%AC%89%E9%A6%99%E8%B6%A3%E7%B3%BB%E5%88%97-1,/%E5%AC%89%E9%A6%99%E8%B6%A3%E7%B3%BB%E5%88%97-1,%E5%AC%89%E9%A6%99%E8%B6%A3%E7%B3%BB%E5%88%97-1.html
https://yuanliuschool.com/%E5%B0%96%E7%AB%AF%E8%8A%B3%E7%99%82-%E8%AA%B2%E7%A8%8B%E7%B4%80%E5%AF%A6,/%E5%B0%96%E7%AB%AF%E8%8A%B3%E7%99%82-%E8%AA%B2%E7%A8%8B%E7%B4%80%E5%AF%A6,%E5%B0%96%E7%AB%AF%E8%8A%B3%E7%99%82-%E8%AA%B2%E7%A8%8B%E7%B4%80%E5%AF%A6.html
https://yuanliuschool.com/%E5%B8%B6%E6%82%A8%E4%B8%80%E8%A6%BD%E6%B3%95%E5%9C%8B%E7%99%BE%E5%B9%B4%E9%A6%99%E6%B0%B4%E7%8E%8B%E5%9C%8B%E7%9A%84%E7%A7%98%E5%AF%86,/%E5%B8%B6%E6%82%A8%E4%B8%80%E8%A6%BD%E6%B3%95%E5%9C%8B%E7%99%BE%E5%B9%B4%E9%A6%99%E6%B0%B4%E7%8E%8B%E5%9C%8B%E7%9A%84%E7%A7%98%E5%AF%86,__pages/8f69d2ca298cbef5ab50.html
https://yuanliuschool.com/%E6%98%A5%E5%AD%A3%E7%B7%9A%E4%B8%8A%E7%84%A6%E9%BB%9E%E8%AA%B2%E7%A8%8B,/%E6%98%A5%E5%AD%A3%E7%B7%9A%E4%B8%8A%E7%84%A6%E9%BB%9E%E8%AA%B2%E7%A8%8B,%E6%98%A5%E5%AD%A3%E7%B7%9A%E4%B8%8A%E7%84%A6%E9%BB%9E%E8%AA%B2%E7%A8%8B.html
https://yuanliuschool.com/%E6%9B%B4%E5%B9%B4%E6%9C%9F%E7%9A%84%E9%A6%99%E6%B0%A3%E7%85%89%E9%87%91%E8%A1%93,/%E6%9B%B4%E5%B9%B4%E6%9C%9F%E7%9A%84%E9%A6%99%E6%B0%A3%E7%85%89%E9%87%91%E8%A1%93,__pages/08f25307c5be30bef12e.html
https://yuanliuschool.com/%E6%A5%B5%E8%87%B4%E7%91%9E%E5%85%B8%E5%BC%8F%E6%8C%89%E6%91%A9%E9%A4%8A%E6%88%90%E7%8F%AD,/%E6%A5%B5%E8%87%B4%E7%91%9E%E5%85%B8%E5%BC%8F%E6%8C%89%E6%91%A9%E9%A4%8A%E6%88%90%E7%8F%AD,__pages/dc36650cf8475562ef24.html
https://yuanliuschool.com/%E6%AF%9B%E6%AF%9B%E8%80%81%E5%B8%AB%E7%9A%84%E3%80%90%E4%B8%80%E6%97%A5%E5%B7%A5%E4%BD%9C%E5%9D%8A%E3%80%91%E8%88%87%E3%80%90%E4%BA%8C%E6%97%A5%E9%81%94%E4%BA%BA%E8%AE%8A%E7%8F%BE%E7%8F%AD%E3%80%91,/%E6%AF%9B%E6%AF%9B%E8%80%81%E5%B8%AB%E7%9A%84%E3%80%90%E4%B8%80%E6%97%A5%E5%B7%A5%E4%BD%9C%E5%9D%8A%E3%80%91%E8%88%87%E3%80%90%E4%BA%8C%E6%97%A5%E9%81%94%E4%BA%BA%E8%AE%8A%E7%8F%BE%E7%8F%AD%E3%80%91,__pages/f49a19eb520cac06d349.html
https://yuanliuschool.com/%E6%AF%9B%E6%AF%9B%E8%80%81%E5%B8%AB%E7%9A%84-%E7%B2%BE%E6%B2%B9%E9%A6%99%E6%B0%A3%E8%BD%89%E9%81%8B%E8%A1%93%E9%AB%94%E9%A9%97%E8%AC%9B%E5%BA%A7,/%E6%AF%9B%E6%AF%9B%E8%80%81%E5%B8%AB%E7%9A%84-%E7%B2%BE%E6%B2%B9%E9%A6%99%E6%B0%A3%E8%BD%89%E9%81%8B%E8%A1%93%E9%AB%94%E9%A9%97%E8%AC%9B%E5%BA%A7,__pages/8f32fe0e2250cf16d68d.html
https://yuanliuschool.com/%E6%B3%95%E5%BC%8F%E8%AA%BF%E9%A6%99%E9%81%87%E6%9D%B1%E6%96%B9,/%E6%B3%95%E5%BC%8F%E8%AA%BF%E9%A6%99%E9%81%87%E6%9D%B1%E6%96%B9,%E6%B3%95%E5%BC%8F%E8%AA%BF%E9%A6%99%E9%81%87%E6%9D%B1%E6%96%B9.html
https://yuanliuschool.com/%E6%B3%95%E8%98%AD%E8%B2%A2%E3%80%90%E5%B0%96%E7%AB%AF%E8%8A%B3%E7%99%82%E5%AD%B8%E3%80%91%E5%9C%8B%E9%9A%9B%E7%A0%94%E7%BF%92%E6%9C%83,/%E6%B3%95%E8%98%AD%E8%B2%A2%E3%80%90%E5%B0%96%E7%AB%AF%E8%8A%B3%E7%99%82%E5%AD%B8%E3%80%91%E5%9C%8B%E9%9A%9B%E7%A0%94%E7%BF%92%E6%9C%83,__pages/fa2de4ebcdd8b4328529.html
https://yuanliuschool.com/%E6%B4%AA%E7%AB%8B%E6%98%8E%E8%80%81%E5%B8%AB%E8%AA%B2%E7%A8%8B%E5%B0%88%E6%AC%84,/%E6%B4%AA%E7%AB%8B%E6%98%8E%E8%80%81%E5%B8%AB%E8%AA%B2%E7%A8%8B%E5%B0%88%E6%AC%84,__pages/6fab1ee0886de0ef9e83.html
https://yuanliuschool.com/%E6%BA%90%E6%B5%81%E5%9C%B0%E5%9C%96,/%E6%BA%90%E6%B5%81%E5%9C%B0%E5%9C%96,%E6%BA%90%E6%B5%81%E5%9C%B0%E5%9C%96.html
https://yuanliuschool.com/%E6%BA%90%E6%B5%81%E8%8F%81%E8%8B%B1%E5%8C%AF,/%E6%BA%90%E6%B5%81%E8%8F%81%E8%8B%B1%E5%8C%AF,%E6%BA%90%E6%B5%81%E8%8F%81%E8%8B%B1%E5%8C%AF.html
https://yuanliuschool.com/%E7%A7%8B%E5%AD%A3%E7%B7%9A%E4%B8%8A%E7%84%A6%E9%BB%9E%E8%AA%B2%E7%A8%8B,/%E7%A7%8B%E5%AD%A3%E7%B7%9A%E4%B8%8A%E7%84%A6%E9%BB%9E%E8%AA%B2%E7%A8%8B,%E7%A7%8B%E5%AD%A3%E7%B7%9A%E4%B8%8A%E7%84%A6%E9%BB%9E%E8%AA%B2%E7%A8%8B.html
https://yuanliuschool.com/%E8%8A%B3%E9%A6%99%E7%A9%B4%E7%99%82,/%E8%8A%B3%E9%A6%99%E7%A9%B4%E7%99%82,%E8%8A%B3%E9%A6%99%E7%A9%B4%E7%99%82.html
https://yuanliuschool.com/%E8%8A%B3%E9%A6%99%E7%A9%B4%E7%99%82-%E6%96%87%E7%AB%A0,/%E8%8A%B3%E9%A6%99%E7%A9%B4%E7%99%82-%E6%96%87%E7%AB%A0,%E8%8A%B3%E9%A6%99%E7%A9%B4%E7%99%82-%E6%96%87%E7%AB%A0.html
https://yuanliuschool.com/%E8%8B%B1%E5%9C%8B%E8%B5%B7%E5%8F%B8%E5%AD%B8%E9%99%A2%E8%B5%B7%E5%8F%B8%E5%88%9D%E9%9A%8E%E8%AD%89%E7%85%A7%E8%AA%B2%E7%A8%8B,/%E8%8B%B1%E5%9C%8B%E8%B5%B7%E5%8F%B8%E5%AD%B8%E9%99%A2%E8%B5%B7%E5%8F%B8%E5%88%9D%E9%9A%8E%E8%AD%89%E7%85%A7%E8%AA%B2%E7%A8%8B,__pages/c66ec54b965b935af6e4.html
https://yuanliuschool.com/%E8%91%89%E4%B8%AD%E8%97%8F%E9%A6%99,/%E8%91%89%E4%B8%AD%E8%97%8F%E9%A6%99,%E8%91%89%E4%B8%AD%E8%97%8F%E9%A6%99.html
https://yuanliuschool.com/%E8%97%A5%E7%94%A8%E7%B2%BE%E6%B2%B9%E5%AD%B8-1,/%E8%97%A5%E7%94%A8%E7%B2%BE%E6%B2%B9%E5%AD%B8-1,%E8%97%A5%E7%94%A8%E7%B2%BE%E6%B2%B9%E5%AD%B8-1.html
https://yuanliuschool.com/%E9%83%A8%E8%90%BD%E6%A0%BC,/%E9%83%A8%E8%90%BD%E6%A0%BC,%E9%83%A8%E8%90%BD%E6%A0%BC.html
https://yuanliuschool.com/%E9%83%A8%E8%90%BD%E6%A0%BC/f/%E4%B8%80%E4%BD%8D%E7%9C%9F%E6%AD%A3%E7%9A%84%E7%A7%91%E5%AD%B8%E8%8A%B3%E7%99%82%E5%A4%A7%E5%B8%AB-dr-pierre-franchomme,/%E9%83%A8%E8%90%BD%E6%A0%BC/f/%E4%B8%80%E4%BD%8D%E7%9C%9F%E6%AD%A3%E7%9A%84%E7%A7%91%E5%AD%B8%E8%8A%B3%E7%99%82%E5%A4%A7%E5%B8%AB-dr-pierre-franchomme,__pages/fca0c0ff332ebf427c4f.html
https://yuanliuschool.com/%E9%83%A8%E8%90%BD%E6%A0%BC/f/%E4%B8%8A%E5%91%BC%E5%90%B8%E9%81%93%E5%8D%A1%E4%BB%96%E7%97%87%E7%8B%80%E4%B9%8B%E7%B2%BE%E6%B2%B9%E6%87%89%E7%94%A8%E6%A9%9F%E7%90%86-%E5%BE%9E%E6%89%93%E5%99%B4%E5%9A%8F%E8%AA%AA%E8%B5%B7,/%E9%83%A8%E8%90%BD%E6%A0%BC/f/%E4%B8%8A%E5%91%BC%E5%90%B8%E9%81%93%E5%8D%A1%E4%BB%96%E7%97%87%E7%8B%80%E4%B9%8B%E7%B2%BE%E6%B2%B9%E6%87%89%E7%94%A8%E6%A9%9F%E7%90%86-%E5%BE%9E%E6%89%93%E5%99%B4%E5%9A%8F%E8%AA%AA%E8%B5%B7,__pages/da3706f78252f25530cc.html
https://yuanliuschool.com/%E9%83%A8%E8%90%BD%E6%A0%BC/f/%E5%84%AA%E9%9B%85%E4%B8%AD%E5%B8%B6%E5%82%B2%E6%85%A2%E7%9A%84%E6%B0%A3%E5%91%B3-cashmeran-%E9%96%8B%E5%8F%B8%E7%B1%B3%E9%85%AE,/%E9%83%A8%E8%90%BD%E6%A0%BC/f/%E5%84%AA%E9%9B%85%E4%B8%AD%E5%B8%B6%E5%82%B2%E6%85%A2%E7%9A%84%E6%B0%A3%E5%91%B3-cashmeran-%E9%96%8B%E5%8F%B8%E7%B1%B3%E9%85%AE,__pages/91c7cf35c394614cd411.html
https://yuanliuschool.com/%E9%83%A8%E8%90%BD%E6%A0%BC/f/%E5%85%92%E7%AB%A5%E8%8A%B3%E7%99%82%E7%85%A7%E8%AD%B7,/%E9%83%A8%E8%90%BD%E6%A0%BC/f/%E5%85%92%E7%AB%A5%E8%8A%B3%E7%99%82%E7%85%A7%E8%AD%B7,%E9%83%A8%E8%90%BD%E6%A0%BC/f/%E5%85%92%E7%AB%A5%E8%8A%B3%E7%99%82%E7%85%A7%E8%AD%B7.html
https://yuanliuschool.com/%E9%83%A8%E8%90%BD%E6%A0%BC/f/%E5%86%AC%E6%97%A5%E8%A3%A1%E7%9A%84%E5%B0%8F%E5%A4%AA%E9%99%BD,/%E9%83%A8%E8%90%BD%E6%A0%BC/f/%E5%86%AC%E6%97%A5%E8%A3%A1%E7%9A%84%E5%B0%8F%E5%A4%AA%E9%99%BD,%E9%83%A8%E8%90%BD%E6%A0%BC/f/%E5%86%AC%E6%97%A5%E8%A3%A1%E7%9A%84%E5%B0%8F%E5%A4%AA%E9%99%BD.html
https://yuanliuschool.com/%E9%83%A8%E8%90%BD%E6%A0%BC/f/%E5%89%B5%E5%82%B7%E6%88%90%E7%99%AE,/%E9%83%A8%E8%90%BD%E6%A0%BC/f/%E5%89%B5%E5%82%B7%E6%88%90%E7%99%AE,%E9%83%A8%E8%90%BD%E6%A0%BC/f/%E5%89%B5%E5%82%B7%E6%88%90%E7%99%AE.html
https://yuanliuschool.com/%E9%83%A8%E8%90%BD%E6%A0%BC/f/%E5%8D%B0%E5%BA%A6%E7%BA%88%E8%8D%89,/%E9%83%A8%E8%90%BD%E6%A0%BC/f/%E5%8D%B0%E5%BA%A6%E7%BA%88%E8%8D%89,%E9%83%A8%E8%90%BD%E6%A0%BC/f/%E5%8D%B0%E5%BA%A6%E7%BA%88%E8%8D%89.html
https://yuanliuschool.com/%E9%83%A8%E8%90%BD%E6%A0%BC/f/%E5%8E%9F%E8%80%81%E5%B8%AB%E5%88%86%E4%BA%AB--%E9%81%8B%E5%8B%95%E5%BE%8C%E7%97%A0%E7%97%9B%E7%94%A8%E6%B2%B9,/%E9%83%A8%E8%90%BD%E6%A0%BC/f/%E5%8E%9F%E8%80%81%E5%B8%AB%E5%88%86%E4%BA%AB--%E9%81%8B%E5%8B%95%E5%BE%8C%E7%97%A0%E7%97%9B%E7%94%A8%E6%B2%B9,__pages/03caccd23026374a8e45.html
https://yuanliuschool.com/%E9%83%A8%E8%90%BD%E6%A0%BC/f/%E5%8F%A4%E5%B7%B4%E9%A6%99%E8%84%82-%E8%AE%93%E7%9A%AE%E8%86%9A%E9%96%8B%E5%BF%83%E7%9A%84%E6%B2%B9%EF%BD%9E,/%E9%83%A8%E8%90%BD%E6%A0%BC/f/%E5%8F%A4%E5%B7%B4%E9%A6%99%E8%84%82-%E8%AE%93%E7%9A%AE%E8%86%9A%E9%96%8B%E5%BF%83%E7%9A%84%E6%B2%B9%EF%BD%9E,__pages/9da55fa09137d3386974.html
https://yuanliuschool.com/%E9%83%A8%E8%90%BD%E6%A0%BC/f/%E5%90%8D%E5%8F%AB%E7%8E%AB%E7%91%B0%E7%9A%84%E8%8A%B1%E6%9C%B5,/%E9%83%A8%E8%90%BD%E6%A0%BC/f/%E5%90%8D%E5%8F%AB%E7%8E%AB%E7%91%B0%E7%9A%84%E8%8A%B1%E6%9C%B5,%E9%83%A8%E8%90%BD%E6%A0%BC/f/%E5%90%8D%E5%8F%AB%E7%8E%AB%E7%91%B0%E7%9A%84%E8%8A%B1%E6%9C%B5.html
https://yuanliuschool.com/%E9%83%A8%E8%90%BD%E6%A0%BC/f/%E5%91%BC%E5%90%B8%E9%81%93%E7%9A%84%E5%AE%88%E8%AD%B7%E5%A4%A9%E4%BD%BF,/%E9%83%A8%E8%90%BD%E6%A0%BC/f/%E5%91%BC%E5%90%B8%E9%81%93%E7%9A%84%E5%AE%88%E8%AD%B7%E5%A4%A9%E4%BD%BF,%E9%83%A8%E8%90%BD%E6%A0%BC/f/%E5%91%BC%E5%90%B8%E9%81%93%E7%9A%84%E5%AE%88%E8%AD%B7%E5%A4%A9%E4%BD%BF.html
https://yuanliuschool.com/%E9%83%A8%E8%90%BD%E6%A0%BC/f/%E5%95%A4%E9%85%92%E8%8A%B1---%E8%9B%87%E9%BA%BB%E7%B2%BE%E6%B2%B9hop,/%E9%83%A8%E8%90%BD%E6%A0%BC/f/%E5%95%A4%E9%85%92%E8%8A%B1---%E8%9B%87%E9%BA%BB%E7%B2%BE%E6%B2%B9hop,%E9%83%A8%E8%90%BD%E6%A0%BC/f/%E5%95%A4%E9%85%92%E8%8A%B1---%E8%9B%87%E9%BA%BB%E7%B2%BE%E6%B2%B9hop.html
https://yuanliuschool.com/%E9%83%A8%E8%90%BD%E6%A0%BC/f/%E5%96%9C%E6%AD%A1%E9%A6%99%E8%8F%9C%E5%97%8E%EF%BC%9F,/%E9%83%A8%E8%90%BD%E6%A0%BC/f/%E5%96%9C%E6%AD%A1%E9%A6%99%E8%8F%9C%E5%97%8E%EF%BC%9F,%E9%83%A8%E8%90%BD%E6%A0%BC/f/%E5%96%9C%E6%AD%A1%E9%A6%99%E8%8F%9C%E5%97%8E%EF%BC%9F.html
https://yuanliuschool.com/%E9%83%A8%E8%90%BD%E6%A0%BC/f/%E5%96%9C%E6%AD%A1%E9%A6%99%E8%8F%9C%E5%97%8E%EF%BC%9F-1,/%E9%83%A8%E8%90%BD%E6%A0%BC/f/%E5%96%9C%E6%AD%A1%E9%A6%99%E8%8F%9C%E5%97%8E%EF%BC%9F-1,%E9%83%A8%E8%90%BD%E6%A0%BC/f/%E5%96%9C%E6%AD%A1%E9%A6%99%E8%8F%9C%E5%97%8E%EF%BC%9F-1.html
https://yuanliuschool.com/%E9%83%A8%E8%90%BD%E6%A0%BC/f/%E5%96%9C%E9%A6%AC%E6%8B%89%E9%9B%85%E5%86%B7%E6%9D%89,/%E9%83%A8%E8%90%BD%E6%A0%BC/f/%E5%96%9C%E9%A6%AC%E6%8B%89%E9%9B%85%E5%86%B7%E6%9D%89,%E9%83%A8%E8%90%BD%E6%A0%BC/f/%E5%96%9C%E9%A6%AC%E6%8B%89%E9%9B%85%E5%86%B7%E6%9D%89.html
https://yuanliuschool.com/%E9%83%A8%E8%90%BD%E6%A0%BC/f/%E5%9C%A8%E6%B2%BC%E6%BE%A4%E5%9C%B0%E7%B6%BB%E6%94%BE%E7%9A%84%E7%BE%8E%E9%BA%97%E8%8A%B1%E6%9C%B5---%E6%A0%BC%E9%99%B5%E8%98%AD%E5%96%87%E5%8F%AD%E8%8C%B6labrador-tea,/%E9%83%A8%E8%90%BD%E6%A0%BC/f/%E5%9C%A8%E6%B2%BC%E6%BE%A4%E5%9C%B0%E7%B6%BB%E6%94%BE%E7%9A%84%E7%BE%8E%E9%BA%97%E8%8A%B1%E6%9C%B5---%E6%A0%BC%E9%99%B5%E8%98%AD%E5%96%87%E5%8F%AD%E8%8C%B6labrador-tea,__pages/ccafc180e4ae4fe47617.html
https://yuanliuschool.com/%E9%83%A8%E8%90%BD%E6%A0%BC/f/%E5%A4%A7%E6%A0%B9%E8%80%81%E9%B8%9B%E8%8D%89,/%E9%83%A8%E8%90%BD%E6%A0%BC/f/%E5%A4%A7%E6%A0%B9%E8%80%81%E9%B8%9B%E8%8D%89,%E9%83%A8%E8%90%BD%E6%A0%BC/f/%E5%A4%A7%E6%A0%B9%E8%80%81%E9%B8%9B%E8%8D%89.html
https://yuanliuschool.com/%E9%83%A8%E8%90%BD%E6%A0%BC/f/%E5%A4%A7%E9%A6%AC%E5%A3%AB%E9%9D%A9%E7%8E%AB%E7%91%B0%E7%B4%94%E9%9C%B2rose-damascan-hyrdosol,/%E9%83%A8%E8%90%BD%E6%A0%BC/f/%E5%A4%A7%E9%A6%AC%E5%A3%AB%E9%9D%A9%E7%8E%AB%E7%91%B0%E7%B4%94%E9%9C%B2rose-damascan-hyrdosol,__pages/3544814158531202ee9e.html
https://yuanliuschool.com/%E9%83%A8%E8%90%BD%E6%A0%BC/f/%E5%A6%82%E4%BD%95%E9%80%8F%E9%81%8E%E8%8A%B3%E9%A6%99%E7%99%82%E6%B3%95%E8%99%95%E7%90%86%E6%89%81%E8%87%89%E8%B2%93%E6%B7%9A%E7%97%95%E5%95%8F%E9%A1%8C,/%E9%83%A8%E8%90%BD%E6%A0%BC/f/%E5%A6%82%E4%BD%95%E9%80%8F%E9%81%8E%E8%8A%B3%E9%A6%99%E7%99%82%E6%B3%95%E8%99%95%E7%90%86%E6%89%81%E8%87%89%E8%B2%93%E6%B7%9A%E7%97%95%E5%95%8F%E9%A1%8C,__pages/4e3671ed337cbae8fed3.html
https://yuanliuschool.com/%E9%83%A8%E8%90%BD%E6%A0%BC/f/%E5%A6%82%E6%B5%B7%E4%B8%80%E8%88%AC%E6%B9%9B%E8%97%8D%E7%9A%84%E6%9C%88%E5%85%89%EF%BC%BF%E8%97%8D%E7%B5%B2%E6%9F%8F,/%E9%83%A8%E8%90%BD%E6%A0%BC/f/%E5%A6%82%E6%B5%B7%E4%B8%80%E8%88%AC%E6%B9%9B%E8%97%8D%E7%9A%84%E6%9C%88%E5%85%89%EF%BC%BF%E8%97%8D%E7%B5%B2%E6%9F%8F,__pages/ab2d09b30885b410ef16.html
https://yuanliuschool.com/%E9%83%A8%E8%90%BD%E6%A0%BC/f/%E5%BE%9E%E8%8C%B6%E6%A8%B9%E7%B2%BE%E6%B2%B9%E7%9A%84%E5%8C%96%E5%AD%B8%E7%B5%90%E6%A7%8B%E7%9C%8B%E5%85%B6%E4%BB%96%E5%85%B7%E6%9C%89%E6%BD%9B%E5%8A%9B%E7%9A%84%E6%8A%97%E7%97%85%E6%AF%92%E7%B2%BE%E6%B2%B9,/%E9%83%A8%E8%90%BD%E6%A0%BC/f/%E5%BE%9E%E8%8C%B6%E6%A8%B9%E7%B2%BE%E6%B2%B9%E7%9A%84%E5%8C%96%E5%AD%B8%E7%B5%90%E6%A7%8B%E7%9C%8B%E5%85%B6%E4%BB%96%E5%85%B7%E6%9C%89%E6%BD%9B%E5%8A%9B%E7%9A%84%E6%8A%97%E7%97%85%E6%AF%92%E7%B2%BE%E6%B2%B9,__pages/82b99cd0edb628d86ea3.html
https://yuanliuschool.com/%E9%83%A8%E8%90%BD%E6%A0%BC/f/%E5%BE%B7%E5%9C%8B%E6%B4%8B%E7%94%98%E8%8F%8A,/%E9%83%A8%E8%90%BD%E6%A0%BC/f/%E5%BE%B7%E5%9C%8B%E6%B4%8B%E7%94%98%E8%8F%8A,%E9%83%A8%E8%90%BD%E6%A0%BC/f/%E5%BE%B7%E5%9C%8B%E6%B4%8B%E7%94%98%E8%8F%8A.html
https://yuanliuschool.com/%E9%83%A8%E8%90%BD%E6%A0%BC/f/%E6%80%A5%E6%80%A7%E9%81%8E%E6%95%8F%E6%80%A7%E9%BC%BB%E7%82%8E%E7%88%86%E7%99%BC%E6%99%82,/%E9%83%A8%E8%90%BD%E6%A0%BC/f/%E6%80%A5%E6%80%A7%E9%81%8E%E6%95%8F%E6%80%A7%E9%BC%BB%E7%82%8E%E7%88%86%E7%99%BC%E6%99%82,__pages/61e21f21cdca0acf25a9.html
https://yuanliuschool.com/%E9%83%A8%E8%90%BD%E6%A0%BC/f/%E6%8E%A2%E7%B4%A2%E7%9A%AE%E8%86%9A%E7%94%A8%E6%B2%B9%E7%9A%84%E5%A5%A7%E7%A7%98,/%E9%83%A8%E8%90%BD%E6%A0%BC/f/%E6%8E%A2%E7%B4%A2%E7%9A%AE%E8%86%9A%E7%94%A8%E6%B2%B9%E7%9A%84%E5%A5%A7%E7%A7%98,__pages/65fee11bacf2c0f4e984.html
https://yuanliuschool.com/%E9%83%A8%E8%90%BD%E6%A0%BC/f/%E6%8F%AD%E9%96%8B%E3%80%8C%E6%AD%BB%E4%BA%A1%E6%AF%8D%E8%A6%AA%E3%80%8D%E7%9A%84%E9%9D%A2%E7%B4%97unveiling-the-death-mother,/%E9%83%A8%E8%90%BD%E6%A0%BC/f/%E6%8F%AD%E9%96%8B%E3%80%8C%E6%AD%BB%E4%BA%A1%E6%AF%8D%E8%A6%AA%E3%80%8D%E7%9A%84%E9%9D%A2%E7%B4%97unveiling-the-death-mother,__pages/ec7611a0b1188e10a270.html
https://yuanliuschool.com/%E9%83%A8%E8%90%BD%E6%A0%BC/f/%E6%9C%80%E9%81%A9%E5%85%92%E7%AB%A5%E4%BD%BF%E7%94%A8%E7%9A%84%E7%99%BE%E9%87%8C%E9%A6%99%E7%B2%BE%E6%B2%B9%EF%BC%BF%E6%B2%88%E9%A6%99%E9%86%87%E7%99%BE%E9%87%8C%E9%A6%99thymus-vulgaris-ct-linalool,/%E9%83%A8%E8%90%BD%E6%A0%BC/f/%E6%9C%80%E9%81%A9%E5%85%92%E7%AB%A5%E4%BD%BF%E7%94%A8%E7%9A%84%E7%99%BE%E9%87%8C%E9%A6%99%E7%B2%BE%E6%B2%B9%EF%BC%BF%E6%B2%88%E9%A6%99%E9%86%87%E7%99%BE%E9%87%8C%E9%A6%99thymus-vulgaris-ct-linalool,__pages/3bd4c3b030efb65056ce.html
https://yuanliuschool.com/%E9%83%A8%E8%90%BD%E6%A0%BC/f/%E6%9C%88%E6%A1%82%E7%B4%94%E9%9C%B2-laurel-leaf-hydrosol,/%E9%83%A8%E8%90%BD%E6%A0%BC/f/%E6%9C%88%E6%A1%82%E7%B4%94%E9%9C%B2-laurel-leaf-hydrosol,%E9%83%A8%E8%90%BD%E6%A0%BC/f/%E6%9C%88%E6%A1%82%E7%B4%94%E9%9C%B2-laurel-leaf-hydrosol.html
https://yuanliuschool.com/%E9%83%A8%E8%90%BD%E6%A0%BC/f/%E6%9C%89%E4%BD%A0%E9%99%AA%E4%BC%B4%EF%BD%9E%E3%80%90%E6%AF%9B%E5%B0%8F%E5%AD%A9%E7%9A%84%E5%81%A5%E5%BA%B7%E8%88%87%E8%8A%B3%E7%99%82%E7%85%A7%E8%AD%B7%E3%80%91%E5%9C%8B%E9%9A%9B%E7%89%B9%E7%B4%84%E3%80%82%E5%B0%88%E9%A1%8C%E5%88%86%E4%BA%AB,/%E9%83%A8%E8%90%BD%E6%A0%BC/f/%E6%9C%89%E4%BD%A0%E9%99%AA%E4%BC%B4%EF%BD%9E%E3%80%90%E6%AF%9B%E5%B0%8F%E5%AD%A9%E7%9A%84%E5%81%A5%E5%BA%B7%E8%88%87%E8%8A%B3%E7%99%82%E7%85%A7%E8%AD%B7%E3%80%91%E5%9C%8B%E9%9A%9B%E7%89%B9%E7%B4%84%E3%80%82%E5%B0%88%E9%A1%8C%E5%88%86%E4%BA%AB,__pages/8e08b40036e8873d4c02.html
https://yuanliuschool.com/%E9%83%A8%E8%90%BD%E6%A0%BC/f/%E6%9C%9F%E5%BE%85%E5%86%8D%E6%AC%A1%E8%88%87%E6%9C%AC%E6%88%91%E3%80%8C%E9%A6%99%E9%81%87%E3%80%8D%E7%9A%84%E7%85%89%E9%87%91%E4%B9%8B%E6%97%85,/%E9%83%A8%E8%90%BD%E6%A0%BC/f/%E6%9C%9F%E5%BE%85%E5%86%8D%E6%AC%A1%E8%88%87%E6%9C%AC%E6%88%91%E3%80%8C%E9%A6%99%E9%81%87%E3%80%8D%E7%9A%84%E7%85%89%E9%87%91%E4%B9%8B%E6%97%85,__pages/b820194f00446336e8cb.html
https://yuanliuschool.com/%E9%83%A8%E8%90%BD%E6%A0%BC/f/%E6%A1%89%E6%B2%B9%E6%A8%9Fravintsara,/%E9%83%A8%E8%90%BD%E6%A0%BC/f/%E6%A1%89%E6%B2%B9%E6%A8%9Fravintsara,%E9%83%A8%E8%90%BD%E6%A0%BC/f/%E6%A1%89%E6%B2%B9%E6%A8%9Fravintsara.html
https://yuanliuschool.com/%E9%83%A8%E8%90%BD%E6%A0%BC/f/%E6%A9%99%E8%8A%B1%E7%B4%94%E9%9C%B2-orange-blossom-hydrosol,/%E9%83%A8%E8%90%BD%E6%A0%BC/f/%E6%A9%99%E8%8A%B1%E7%B4%94%E9%9C%B2-orange-blossom-hydrosol,%E9%83%A8%E8%90%BD%E6%A0%BC/f/%E6%A9%99%E8%8A%B1%E7%B4%94%E9%9C%B2-orange-blossom-hydrosol.html
https://yuanliuschool.com/%E9%83%A8%E8%90%BD%E6%A0%BC/f/%E6%B0%A3%E5%91%B3-%E9%9B%A8%E7%9A%84%E8%AE%8A%E5%A5%8F,/%E9%83%A8%E8%90%BD%E6%A0%BC/f/%E6%B0%A3%E5%91%B3-%E9%9B%A8%E7%9A%84%E8%AE%8A%E5%A5%8F,%E9%83%A8%E8%90%BD%E6%A0%BC/f/%E6%B0%A3%E5%91%B3-%E9%9B%A8%E7%9A%84%E8%AE%8A%E5%A5%8F.html
https://yuanliuschool.com/%E9%83%A8%E8%90%BD%E6%A0%BC/f/%E6%B2%92%E6%9C%89%E4%BB%80%E9%BA%BC%E8%83%BD%E8%B6%95%E4%B8%8A%E6%99%82%E9%96%93%E7%9A%84%E6%B5%81%E9%80%9D%EF%B9%90%E8%80%8C%E6%9C%89%E4%BA%9B%E6%99%BA%E6%85%A7%E5%8F%AA%E6%9C%89%E6%99%82%E9%96%93%E6%89%8D%E8%83%BD%E5%B8%B6%E4%BE%86,/%E9%83%A8%E8%90%BD%E6%A0%BC/f/%E6%B2%92%E6%9C%89%E4%BB%80%E9%BA%BC%E8%83%BD%E8%B6%95%E4%B8%8A%E6%99%82%E9%96%93%E7%9A%84%E6%B5%81%E9%80%9D%EF%B9%90%E8%80%8C%E6%9C%89%E4%BA%9B%E6%99%BA%E6%85%A7%E5%8F%AA%E6%9C%89%E6%99%82%E9%96%93%E6%89%8D%E8%83%BD%E5%B8%B6%E4%BE%86,__pages/89366d13bdc907e383a8.html
https://yuanliuschool.com/%E9%83%A8%E8%90%BD%E6%A0%BC/f/%E6%B5%81%E6%84%9F%E5%AD%A3%E7%AF%80%E9%98%B2%E6%84%9F%E5%86%92,/%E9%83%A8%E8%90%BD%E6%A0%BC/f/%E6%B5%81%E6%84%9F%E5%AD%A3%E7%AF%80%E9%98%B2%E6%84%9F%E5%86%92,%E9%83%A8%E8%90%BD%E6%A0%BC/f/%E6%B5%81%E6%84%9F%E5%AD%A3%E7%AF%80%E9%98%B2%E6%84%9F%E5%86%92.html
https://yuanliuschool.com/%E9%83%A8%E8%90%BD%E6%A0%BC/f/%E6%B5%81%E6%84%9F%E8%A5%B2%E4%BE%86%EF%BC%81,/%E9%83%A8%E8%90%BD%E6%A0%BC/f/%E6%B5%81%E6%84%9F%E8%A5%B2%E4%BE%86%EF%BC%81,%E9%83%A8%E8%90%BD%E6%A0%BC/f/%E6%B5%81%E6%84%9F%E8%A5%B2%E4%BE%86%EF%BC%81.html
https://yuanliuschool.com/%E9%83%A8%E8%90%BD%E6%A0%BC/f/%E6%BC%82%E6%B3%8A%E9%A6%99%E8%95%A8%E6%9C%A8comptonie-voyageuse---%E7%94%9C%E8%95%A8,/%E9%83%A8%E8%90%BD%E6%A0%BC/f/%E6%BC%82%E6%B3%8A%E9%A6%99%E8%95%A8%E6%9C%A8comptonie-voyageuse---%E7%94%9C%E8%95%A8,__pages/92ec2c2ba728f263f8db.html
https://yuanliuschool.com/%E9%83%A8%E8%90%BD%E6%A0%BC/f/%E7%86%8F%E9%99%B8%E9%A6%99%EF%BC%8D%E4%BE%86%E8%87%AA%E6%91%A9%E6%B4%9B%E5%93%A5%E6%9E%9D%E8%91%89%E7%9A%84%E6%94%B6%E6%96%82%E6%84%9F,/%E9%83%A8%E8%90%BD%E6%A0%BC/f/%E7%86%8F%E9%99%B8%E9%A6%99%EF%BC%8D%E4%BE%86%E8%87%AA%E6%91%A9%E6%B4%9B%E5%93%A5%E6%9E%9D%E8%91%89%E7%9A%84%E6%94%B6%E6%96%82%E6%84%9F,__pages/ef4183be65412e9bb93a.html
https://yuanliuschool.com/%E9%83%A8%E8%90%BD%E6%A0%BC/f/%E7%86%8F%E9%99%B8%E9%A6%99-%E4%BE%86%E8%87%AA%E6%91%A9%E6%B4%9B%E5%93%A5%E6%9E%9D%E8%91%89%E7%9A%84%E6%94%B6%E6%96%82%E6%84%9F,/%E9%83%A8%E8%90%BD%E6%A0%BC/f/%E7%86%8F%E9%99%B8%E9%A6%99-%E4%BE%86%E8%87%AA%E6%91%A9%E6%B4%9B%E5%93%A5%E6%9E%9D%E8%91%89%E7%9A%84%E6%94%B6%E6%96%82%E6%84%9F,__pages/9f748bb404098914275c.html
https://yuanliuschool.com/%E9%83%A8%E8%90%BD%E6%A0%BC/f/%E7%88%AA%E5%93%87%E9%A6%99%E8%8C%85,/%E9%83%A8%E8%90%BD%E6%A0%BC/f/%E7%88%AA%E5%93%87%E9%A6%99%E8%8C%85,%E9%83%A8%E8%90%BD%E6%A0%BC/f/%E7%88%AA%E5%93%87%E9%A6%99%E8%8C%85.html
https://yuanliuschool.com/%E9%83%A8%E8%90%BD%E6%A0%BC/f/%E7%93%8A%E5%B4%96%E6%B5%B7%E6%A3%A0,/%E9%83%A8%E8%90%BD%E6%A0%BC/f/%E7%93%8A%E5%B4%96%E6%B5%B7%E6%A3%A0,%E9%83%A8%E8%90%BD%E6%A0%BC/f/%E7%93%8A%E5%B4%96%E6%B5%B7%E6%A3%A0.html
https://yuanliuschool.com/%E9%83%A8%E8%90%BD%E6%A0%BC/f/%E7%99%92%E7%99%92%E4%B9%8B%E8%B0%B7%E7%9A%84%E5%AE%88%E8%AD%B7%E8%80%85%E2%94%80%E2%94%80%E8%8C%B6%E6%A8%B9,/%E9%83%A8%E8%90%BD%E6%A0%BC/f/%E7%99%92%E7%99%92%E4%B9%8B%E8%B0%B7%E7%9A%84%E5%AE%88%E8%AD%B7%E8%80%85%E2%94%80%E2%94%80%E8%8C%B6%E6%A8%B9,__pages/7c1406885b2f109c395a.html
https://yuanliuschool.com/%E9%83%A8%E8%90%BD%E6%A0%BC/f/%E7%9C%9F%E6%AD%A3%E7%9A%84%E9%97%9C%E6%87%B7,/%E9%83%A8%E8%90%BD%E6%A0%BC/f/%E7%9C%9F%E6%AD%A3%E7%9A%84%E9%97%9C%E6%87%B7,%E9%83%A8%E8%90%BD%E6%A0%BC/f/%E7%9C%9F%E6%AD%A3%E7%9A%84%E9%97%9C%E6%87%B7.html
https://yuanliuschool.com/%E9%83%A8%E8%90%BD%E6%A0%BC/f/%E7%A9%97%E7%94%98%E6%9D%BE,/%E9%83%A8%E8%90%BD%E6%A0%BC/f/%E7%A9%97%E7%94%98%E6%9D%BE,%E9%83%A8%E8%90%BD%E6%A0%BC/f/%E7%A9%97%E7%94%98%E6%9D%BE.html
https://yuanliuschool.com/%E9%83%A8%E8%90%BD%E6%A0%BC/f/%E7%A9%B6%E7%AB%9F%E4%B9%8B%E9%81%93,/%E9%83%A8%E8%90%BD%E6%A0%BC/f/%E7%A9%B6%E7%AB%9F%E4%B9%8B%E9%81%93,%E9%83%A8%E8%90%BD%E6%A0%BC/f/%E7%A9%B6%E7%AB%9F%E4%B9%8B%E9%81%93.html
https://yuanliuschool.com/%E9%83%A8%E8%90%BD%E6%A0%BC/f/%E7%AB%B9%E8%91%89%E8%8A%B1%E6%A4%92,/%E9%83%A8%E8%90%BD%E6%A0%BC/f/%E7%AB%B9%E8%91%89%E8%8A%B1%E6%A4%92,%E9%83%A8%E8%90%BD%E6%A0%BC/f/%E7%AB%B9%E8%91%89%E8%8A%B1%E6%A4%92.html
https://yuanliuschool.com/%E9%83%A8%E8%90%BD%E6%A0%BC/f/%E7%B2%BE%E6%B2%B9%E7%9A%84%E8%AA%9E%E8%A8%80%EF%BC%8C%E8%BA%AB%E9%AB%94%E8%AE%80%E5%BE%97%E6%87%82,/%E9%83%A8%E8%90%BD%E6%A0%BC/f/%E7%B2%BE%E6%B2%B9%E7%9A%84%E8%AA%9E%E8%A8%80%EF%BC%8C%E8%BA%AB%E9%AB%94%E8%AE%80%E5%BE%97%E6%87%82,__pages/9becfc0738e9bea54d57.html
https://yuanliuschool.com/%E9%83%A8%E8%90%BD%E6%A0%BC/f/%E7%B2%BE%E6%B2%B9%E7%9A%84%E8%AA%9E%E8%A8%80-%E8%BA%AB%E9%AB%94%E8%AE%80%E5%BE%97%E6%87%82,/%E9%83%A8%E8%90%BD%E6%A0%BC/f/%E7%B2%BE%E6%B2%B9%E7%9A%84%E8%AA%9E%E8%A8%80-%E8%BA%AB%E9%AB%94%E8%AE%80%E5%BE%97%E6%87%82,__pages/eb85b20acbed3d5bf10f.html
https://yuanliuschool.com/%E9%83%A8%E8%90%BD%E6%A0%BC/f/%E7%B2%BE%E6%B2%B9%E8%97%A5%E7%90%86%E5%8B%95%E5%8A%9B%E5%AD%B8%E8%88%87%E4%BD%BF%E7%94%A8%E5%AE%89%E5%85%A8-%E5%82%B3%E6%89%BF%E4%B9%8B%E6%99%BA,/%E9%83%A8%E8%90%BD%E6%A0%BC/f/%E7%B2%BE%E6%B2%B9%E8%97%A5%E7%90%86%E5%8B%95%E5%8A%9B%E5%AD%B8%E8%88%87%E4%BD%BF%E7%94%A8%E5%AE%89%E5%85%A8-%E5%82%B3%E6%89%BF%E4%B9%8B%E6%99%BA,__pages/22dbde07459df51bac98.html
https://yuanliuschool.com/%E9%83%A8%E8%90%BD%E6%A0%BC/f/%E7%B2%BE%E6%B2%B9%E8%97%A5%E7%90%86%E5%8B%95%E5%8A%9B%E5%AD%B8%E8%88%87%E4%BD%BF%E7%94%A8%E5%AE%89%E5%85%A8--%E5%BE%9E%E8%97%A5%E7%90%86%E5%AD%B8%E8%A7%92%E5%BA%A6%E7%9C%8B%E7%B2%BE%E6%B2%B9%E7%9A%84%E5%AE%89%E5%85%A8%E4%BD%BF%E7%94%A8%EF%BC%81,/%E9%83%A8%E8%90%BD%E6%A0%BC/f/%E7%B2%BE%E6%B2%B9%E8%97%A5%E7%90%86%E5%8B%95%E5%8A%9B%E5%AD%B8%E8%88%87%E4%BD%BF%E7%94%A8%E5%AE%89%E5%85%A8--%E5%BE%9E%E8%97%A5%E7%90%86%E5%AD%B8%E8%A7%92%E5%BA%A6%E7%9C%8B%E7%B2%BE%E6%B2%B9%E7%9A%84%E5%AE%89%E5%85%A8%E4%BD%BF%E7%94%A8%EF%BC%81,__pages/0b12761304a6c3692d3b.html
https://yuanliuschool.com/%E9%83%A8%E8%90%BD%E6%A0%BC/f/%E7%B2%BE%E6%B2%B9-%E8%8A%B1%E7%B2%BE-%E5%82%BB%E5%82%BB%E5%88%86%E4%B8%8D%E6%B8%85%E6%A5%9A,/%E9%83%A8%E8%90%BD%E6%A0%BC/f/%E7%B2%BE%E6%B2%B9-%E8%8A%B1%E7%B2%BE-%E5%82%BB%E5%82%BB%E5%88%86%E4%B8%8D%E6%B8%85%E6%A5%9A,__pages/7405f103950959e5a717.html
https://yuanliuschool.com/%E9%83%A8%E8%90%BD%E6%A0%BC/f/%E7%B4%94%E6%AD%A3%E8%96%B0%E8%A1%A3%E8%8D%89%E7%B4%94%E9%9C%B2-lavender-true-hydrosol,/%E9%83%A8%E8%90%BD%E6%A0%BC/f/%E7%B4%94%E6%AD%A3%E8%96%B0%E8%A1%A3%E8%8D%89%E7%B4%94%E9%9C%B2-lavender-true-hydrosol,__pages/f9474727f16f9dd96e20.html
https://yuanliuschool.com/%E9%83%A8%E8%90%BD%E6%A0%BC/f/%E7%B4%AB%E6%9D%9C%E6%9D%BE,/%E9%83%A8%E8%90%BD%E6%A0%BC/f/%E7%B4%AB%E6%9D%9C%E6%9D%BE,%E9%83%A8%E8%90%BD%E6%A0%BC/f/%E7%B4%AB%E6%9D%9C%E6%9D%BE.html
https://yuanliuschool.com/%E9%83%A8%E8%90%BD%E6%A0%BC/f/%E7%B4%AB%E9%8C%90%E8%8A%B1%E7%B4%94%E9%9C%B2echinacea-pururea-hydrosol,/%E9%83%A8%E8%90%BD%E6%A0%BC/f/%E7%B4%AB%E9%8C%90%E8%8A%B1%E7%B4%94%E9%9C%B2echinacea-pururea-hydrosol,%E9%83%A8%E8%90%BD%E6%A0%BC/f/%E7%B4%AB%E9%8C%90%E8%8A%B1%E7%B4%94%E9%9C%B2echinacea-pururea-hydrosol.html
https://yuanliuschool.com/%E9%83%A8%E8%90%BD%E6%A0%BC/f/%E7%B5%A8%E6%AF%9B%E4%B8%80%E6%9E%9D%E9%BB%83%E8%8A%B1downy-goldenrod,/%E9%83%A8%E8%90%BD%E6%A0%BC/f/%E7%B5%A8%E6%AF%9B%E4%B8%80%E6%9E%9D%E9%BB%83%E8%8A%B1downy-goldenrod,%E9%83%A8%E8%90%BD%E6%A0%BC/f/%E7%B5%A8%E6%AF%9B%E4%B8%80%E6%9E%9D%E9%BB%83%E8%8A%B1downy-goldenrod.html
https://yuanliuschool.com/%E9%83%A8%E8%90%BD%E6%A0%BC/f/%E7%B6%A0%E6%A9%98,/%E9%83%A8%E8%90%BD%E6%A0%BC/f/%E7%B6%A0%E6%A9%98,%E9%83%A8%E8%90%BD%E6%A0%BC/f/%E7%B6%A0%E6%A9%98.html
https://yuanliuschool.com/%E9%83%A8%E8%90%BD%E6%A0%BC/f/%E7%BE%85%E9%A6%AC%E6%B4%8B%E7%94%98%E8%8F%8A,/%E9%83%A8%E8%90%BD%E6%A0%BC/f/%E7%BE%85%E9%A6%AC%E6%B4%8B%E7%94%98%E8%8F%8A,%E9%83%A8%E8%90%BD%E6%A0%BC/f/%E7%BE%85%E9%A6%AC%E6%B4%8B%E7%94%98%E8%8F%8A.html
https://yuanliuschool.com/%E9%83%A8%E8%90%BD%E6%A0%BC/f/%E8%80%81%E5%B8%AB%E9%96%8B%E5%BF%83%E5%9C%B0%E8%AA%AA%E7%B2%BE%E6%B2%B9%E5%B0%B1%E5%83%8F%E7%B4%85%E9%85%92,/%E9%83%A8%E8%90%BD%E6%A0%BC/f/%E8%80%81%E5%B8%AB%E9%96%8B%E5%BF%83%E5%9C%B0%E8%AA%AA%E7%B2%BE%E6%B2%B9%E5%B0%B1%E5%83%8F%E7%B4%85%E9%85%92,__pages/de205f0ab5b3fadcaa6b.html
https://yuanliuschool.com/%E9%83%A8%E8%90%BD%E6%A0%BC/f/%E8%81%BD-%E8%83%8C%E5%BE%8C%E7%9A%84%E8%81%B2%E9%9F%B3,/%E9%83%A8%E8%90%BD%E6%A0%BC/f/%E8%81%BD-%E8%83%8C%E5%BE%8C%E7%9A%84%E8%81%B2%E9%9F%B3,%E9%83%A8%E8%90%BD%E6%A0%BC/f/%E8%81%BD-%E8%83%8C%E5%BE%8C%E7%9A%84%E8%81%B2%E9%9F%B3.html
https://yuanliuschool.com/%E9%83%A8%E8%90%BD%E6%A0%BC/f/%E8%85%AE%E8%85%BA%E7%82%8E%E4%B9%8B%E8%8A%B3%E9%A6%99%E7%99%82%E6%B3%95%E8%99%95%E7%90%86%E6%80%9D%E8%B7%AF,/%E9%83%A8%E8%90%BD%E6%A0%BC/f/%E8%85%AE%E8%85%BA%E7%82%8E%E4%B9%8B%E8%8A%B3%E9%A6%99%E7%99%82%E6%B3%95%E8%99%95%E7%90%86%E6%80%9D%E8%B7%AF,__pages/c0caacc06b2e8ae6085d.html
https://yuanliuschool.com/%E9%83%A8%E8%90%BD%E6%A0%BC/f/%E8%88%87%E7%B4%94%E9%9C%B2%E8%8A%B3%E7%99%82%E5%B0%88%E5%AE%B6%E8%98%87%E7%8F%8A%EF%BC%8E%E5%87%B1%E5%B8%9D%E5%B0%8D%E8%AB%87,/%E9%83%A8%E8%90%BD%E6%A0%BC/f/%E8%88%87%E7%B4%94%E9%9C%B2%E8%8A%B3%E7%99%82%E5%B0%88%E5%AE%B6%E8%98%87%E7%8F%8A%EF%BC%8E%E5%87%B1%E5%B8%9D%E5%B0%8D%E8%AB%87,__pages/e4ff39ecf46112939d65.html
https://yuanliuschool.com/%E9%83%A8%E8%90%BD%E6%A0%BC/f/%E8%88%87%E7%B4%94%E9%9C%B2%E8%8A%B3%E7%99%82%E5%B0%88%E5%AE%B6%E8%98%87%E7%8F%8A%EF%BC%8E%E5%87%B1%E5%B8%9D%E5%B0%8D%E8%AB%87-1,/%E9%83%A8%E8%90%BD%E6%A0%BC/f/%E8%88%87%E7%B4%94%E9%9C%B2%E8%8A%B3%E7%99%82%E5%B0%88%E5%AE%B6%E8%98%87%E7%8F%8A%EF%BC%8E%E5%87%B1%E5%B8%9D%E5%B0%8D%E8%AB%87-1,__pages/8963147897403aa7e5f8.html
https://yuanliuschool.com/%E9%83%A8%E8%90%BD%E6%A0%BC/f/%E8%8A%B3%E7%99%82%E5%B8%AB%E5%BF%85%E5%82%99---%E7%BE%85%E9%A6%AC%E6%B4%8B%E7%94%98%E8%8F%8A%E7%B4%94%E9%9C%B2-chamaemelum-nobile-hyrdosol,/%E9%83%A8%E8%90%BD%E6%A0%BC/f/%E8%8A%B3%E7%99%82%E5%B8%AB%E5%BF%85%E5%82%99---%E7%BE%85%E9%A6%AC%E6%B4%8B%E7%94%98%E8%8F%8A%E7%B4%94%E9%9C%B2-chamaemelum-nobile-hyrdosol,__pages/ea4f15a87ed3c87771c1.html
https://yuanliuschool.com/%E9%83%A8%E8%90%BD%E6%A0%BC/f/%E8%8A%B3%E9%A6%99%E7%99%BD%E7%8F%A0%E6%A8%B9,/%E9%83%A8%E8%90%BD%E6%A0%BC/f/%E8%8A%B3%E9%A6%99%E7%99%BD%E7%8F%A0%E6%A8%B9,%E9%83%A8%E8%90%BD%E6%A0%BC/f/%E8%8A%B3%E9%A6%99%E7%99%BD%E7%8F%A0%E6%A8%B9.html
https://yuanliuschool.com/%E9%83%A8%E8%90%BD%E6%A0%BC/f/%E8%90%8A%E5%A7%86,/%E9%83%A8%E8%90%BD%E6%A0%BC/f/%E8%90%8A%E5%A7%86,%E9%83%A8%E8%90%BD%E6%A0%BC/f/%E8%90%8A%E5%A7%86.html
https://yuanliuschool.com/%E9%83%A8%E8%90%BD%E6%A0%BC/f/%E8%97%8D%E8%86%A0%E5%B0%A4%E5%8A%A0%E5%88%A9,/%E9%83%A8%E8%90%BD%E6%A0%BC/f/%E8%97%8D%E8%86%A0%E5%B0%A4%E5%8A%A0%E5%88%A9,%E9%83%A8%E8%90%BD%E6%A0%BC/f/%E8%97%8D%E8%86%A0%E5%B0%A4%E5%8A%A0%E5%88%A9.html
https://yuanliuschool.com/%E9%83%A8%E8%90%BD%E6%A0%BC/f/%E8%99%95%E7%90%86%E7%97%87%E7%8B%80%EF%BC%BF%E7%9C%9F%E7%9A%84%E9%82%A3%E9%BA%BC%E5%AE%B9%E6%98%93%E5%97%8E,/%E9%83%A8%E8%90%BD%E6%A0%BC/f/%E8%99%95%E7%90%86%E7%97%87%E7%8B%80%EF%BC%BF%E7%9C%9F%E7%9A%84%E9%82%A3%E9%BA%BC%E5%AE%B9%E6%98%93%E5%97%8E,__pages/0fcb460200cc74396164.html
https://yuanliuschool.com/%E9%83%A8%E8%90%BD%E6%A0%BC/f/%E8%A5%BF%E6%B4%8B%E8%93%8D%E8%8D%89yarrow,/%E9%83%A8%E8%90%BD%E6%A0%BC/f/%E8%A5%BF%E6%B4%8B%E8%93%8D%E8%8D%89yarrow,%E9%83%A8%E8%90%BD%E6%A0%BC/f/%E8%A5%BF%E6%B4%8B%E8%93%8D%E8%8D%89yarrow.html
https://yuanliuschool.com/%E9%83%A8%E8%90%BD%E6%A0%BC/f/%E8%A5%BF%E6%B4%8B%E8%93%8D%E8%8D%89yarrow--%E3%80%8C%E8%B2%A0%E5%82%B7%E7%9A%84%E7%99%82%E7%99%92%E8%80%85the-wounded-healer%E3%80%8D%E6%A4%8D%E7%89%A9%E5%8E%9F%E5%9E%8B,/%E9%83%A8%E8%90%BD%E6%A0%BC/f/%E8%A5%BF%E6%B4%8B%E8%93%8D%E8%8D%89yarrow--%E3%80%8C%E8%B2%A0%E5%82%B7%E7%9A%84%E7%99%82%E7%99%92%E8%80%85the-wounded-healer%E3%80%8D%E6%A4%8D%E7%89%A9%E5%8E%9F%E5%9E%8B,__pages/a9553634596a83854d6c.html
https://yuanliuschool.com/%E9%83%A8%E8%90%BD%E6%A0%BC/f/%E8%AB%87%E7%A7%8B%E5%86%AC%E6%99%82%E7%AF%80%E5%B9%BC%E7%AB%A5%E7%9A%84%E5%81%A5%E5%BA%B7%E7%85%A7%E8%AD%B7,/%E9%83%A8%E8%90%BD%E6%A0%BC/f/%E8%AB%87%E7%A7%8B%E5%86%AC%E6%99%82%E7%AF%80%E5%B9%BC%E7%AB%A5%E7%9A%84%E5%81%A5%E5%BA%B7%E7%85%A7%E8%AD%B7,__pages/11e33ef8845e2e7bf131.html
https://yuanliuschool.com/%E9%83%A8%E8%90%BD%E6%A0%BC/f/%E8%B2%93%E7%B2%89%E5%88%BA%E7%9A%84%E8%8A%B3%E9%A6%99%E7%85%A7%E8%AD%B7,/%E9%83%A8%E8%90%BD%E6%A0%BC/f/%E8%B2%93%E7%B2%89%E5%88%BA%E7%9A%84%E8%8A%B3%E9%A6%99%E7%85%A7%E8%AD%B7,%E9%83%A8%E8%90%BD%E6%A0%BC/f/%E8%B2%93%E7%B2%89%E5%88%BA%E7%9A%84%E8%8A%B3%E9%A6%99%E7%85%A7%E8%AD%B7.html
https://yuanliuschool.com/%E9%83%A8%E8%90%BD%E6%A0%BC/f/%E8%B2%93%E7%B2%89%E5%88%BA%E7%9A%84%E8%8A%B3%E9%A6%99%E7%85%A7%E8%AD%B7-1,/%E9%83%A8%E8%90%BD%E6%A0%BC/f/%E8%B2%93%E7%B2%89%E5%88%BA%E7%9A%84%E8%8A%B3%E9%A6%99%E7%85%A7%E8%AD%B7-1,%E9%83%A8%E8%90%BD%E6%A0%BC/f/%E8%B2%93%E7%B2%89%E5%88%BA%E7%9A%84%E8%8A%B3%E9%A6%99%E7%85%A7%E8%AD%B7-1.html
https://yuanliuschool.com/%E9%83%A8%E8%90%BD%E6%A0%BC/f/%E8%B3%BD%E7%B6%AD%E4%BA%9E%E8%96%B0%E8%A1%A3%E8%8D%89,/%E9%83%A8%E8%90%BD%E6%A0%BC/f/%E8%B3%BD%E7%B6%AD%E4%BA%9E%E8%96%B0%E8%A1%A3%E8%8D%89,%E9%83%A8%E8%90%BD%E6%A0%BC/f/%E8%B3%BD%E7%B6%AD%E4%BA%9E%E8%96%B0%E8%A1%A3%E8%8D%89.html
https://yuanliuschool.com/%E9%83%A8%E8%90%BD%E6%A0%BC/f/%E8%B3%BD%E7%B6%AD%E4%BA%9E%E8%96%B0%E8%A1%A3%E8%8D%89%E6%B4%97%E6%B7%A8%E7%9A%84%EF%BC%9A%E6%98%AF%E7%B7%8A%E5%BC%B5%E7%B3%BE%E7%B5%90%E7%9A%84%E5%85%A7%E5%BF%83%EF%BC%8C%E6%98%AF%E7%84%A6%E8%BA%81%E4%B8%8D%E5%B7%B2%E7%9A%84%E8%8B%A6%E6%82%B6%EF%BC%8C%E9%82%84%E6%98%AF%E7%83%99%E5%8D%B0%E6%96%BC%E5%BF%83%E7%9A%84%E4%B8%8D%E5%AE%89%EF%BC%9F,/%E9%83%A8%E8%90%BD%E6%A0%BC/f/%E8%B3%BD%E7%B6%AD%E4%BA%9E%E8%96%B0%E8%A1%A3%E8%8D%89%E6%B4%97%E6%B7%A8%E7%9A%84%EF%BC%9A%E6%98%AF%E7%B7%8A%E5%BC%B5%E7%B3%BE%E7%B5%90%E7%9A%84%E5%85%A7%E5%BF%83%EF%BC%8C%E6%98%AF%E7%84%A6%E8%BA%81%E4%B8%8D%E5%B7%B2%E7%9A%84%E8%8B%A6%E6%82%B6%EF%BC%8C%E9%82%84%E6%98%AF%E7%83%99%E5%8D%B0%E6%96%BC%E5%BF%83%E7%9A%84%E4%B8%8D%E5%AE%89%EF%BC%9F,__pages/6751de14d8f4f06c98ff.html
https://yuanliuschool.com/%E9%83%A8%E8%90%BD%E6%A0%BC/f/%E8%BF%B7%E8%BF%AD%E9%A6%99%E7%B4%94%E9%9C%B2-rosemary-hydrosol,/%E9%83%A8%E8%90%BD%E6%A0%BC/f/%E8%BF%B7%E8%BF%AD%E9%A6%99%E7%B4%94%E9%9C%B2-rosemary-hydrosol,%E9%83%A8%E8%90%BD%E6%A0%BC/f/%E8%BF%B7%E8%BF%AD%E9%A6%99%E7%B4%94%E9%9C%B2-rosemary-hydrosol.html
https://yuanliuschool.com/%E9%83%A8%E8%90%BD%E6%A0%BC/f/%E9%81%8E%E5%B9%B4%E5%90%83%E5%96%9D%E5%BF%99%EF%BC%8C%E8%85%B8%E8%83%83%E8%A6%81%E9%A1%A7%E5%A5%BD%EF%BC%81%E7%94%A8%E8%8A%B3%E7%99%82%E5%AE%88%E8%AD%B7%E4%BD%A0%E7%9A%84%E5%81%A5%E5%BA%B7-1,/%E9%83%A8%E8%90%BD%E6%A0%BC/f/%E9%81%8E%E5%B9%B4%E5%90%83%E5%96%9D%E5%BF%99%EF%BC%8C%E8%85%B8%E8%83%83%E8%A6%81%E9%A1%A7%E5%A5%BD%EF%BC%81%E7%94%A8%E8%8A%B3%E7%99%82%E5%AE%88%E8%AD%B7%E4%BD%A0%E7%9A%84%E5%81%A5%E5%BA%B7-1,__pages/f6d2fc48bca9fb4b0ba0.html
https://yuanliuschool.com/%E9%83%A8%E8%90%BD%E6%A0%BC/f/%E9%81%8E%E6%95%8F%E5%8E%9F%E4%BE%86%E5%A6%82%E6%AD%A4,/%E9%83%A8%E8%90%BD%E6%A0%BC/f/%E9%81%8E%E6%95%8F%E5%8E%9F%E4%BE%86%E5%A6%82%E6%AD%A4,%E9%83%A8%E8%90%BD%E6%A0%BC/f/%E9%81%8E%E6%95%8F%E5%8E%9F%E4%BE%86%E5%A6%82%E6%AD%A4.html
https://yuanliuschool.com/%E9%83%A8%E8%90%BD%E6%A0%BC/f/%E9%87%8E%E8%96%84%E8%8D%B7,/%E9%83%A8%E8%90%BD%E6%A0%BC/f/%E9%87%8E%E8%96%84%E8%8D%B7,%E9%83%A8%E8%90%BD%E6%A0%BC/f/%E9%87%8E%E8%96%84%E8%8D%B7.html
https://yuanliuschool.com/%E9%83%A8%E8%90%BD%E6%A0%BC/f/%E9%87%8E%E9%A6%AC%E9%AC%B1%E8%98%AD,/%E9%83%A8%E8%90%BD%E6%A0%BC/f/%E9%87%8E%E9%A6%AC%E9%AC%B1%E8%98%AD,%E9%83%A8%E8%90%BD%E6%A0%BC/f/%E9%87%8E%E9%A6%AC%E9%AC%B1%E8%98%AD.html
https://yuanliuschool.com/%E9%83%A8%E8%90%BD%E6%A0%BC/f/%E9%87%91%E7%B8%B7%E6%A2%85%E7%B4%94%E9%9C%B2-witch-hazel-hydrosol,/%E9%83%A8%E8%90%BD%E6%A0%BC/f/%E9%87%91%E7%B8%B7%E6%A2%85%E7%B4%94%E9%9C%B2-witch-hazel-hydrosol,%E9%83%A8%E8%90%BD%E6%A0%BC/f/%E9%87%91%E7%B8%B7%E6%A2%85%E7%B4%94%E9%9C%B2-witch-hazel-hydrosol.html
https://yuanliuschool.com/%E9%83%A8%E8%90%BD%E6%A0%BC/f/%E9%96%8B%E5%95%9F%E6%83%85%E7%B7%92%E5%AF%86%E7%A2%BC%EF%BC%9A%E5%97%85%E8%A6%BA%E7%99%82%E6%B3%95-%E2%80%93-%E5%BF%83%E7%90%86%E6%83%85%E7%B7%92psycho-emotional%E7%9A%84%E6%96%B0%E8%88%88%E7%99%82%E6%B3%95,/%E9%83%A8%E8%90%BD%E6%A0%BC/f/%E9%96%8B%E5%95%9F%E6%83%85%E7%B7%92%E5%AF%86%E7%A2%BC%EF%BC%9A%E5%97%85%E8%A6%BA%E7%99%82%E6%B3%95-%E2%80%93-%E5%BF%83%E7%90%86%E6%83%85%E7%B7%92psycho-emotional%E7%9A%84%E6%96%B0%E8%88%88%E7%99%82%E6%B3%95,__pages/aa5c41f0750e0606b50a.html
https://yuanliuschool.com/%E9%83%A8%E8%90%BD%E6%A0%BC/f/%E9%96%8B%E5%95%9F%E6%83%85%E7%B7%92%E5%AF%86%E7%A2%BC-%E5%97%85%E8%A6%BA%E7%99%82%E6%B3%95-%E2%80%93-%E5%BF%83%E7%90%86%E6%83%85%E7%B7%92psycho-emotional%E7%9A%84%E6%96%B0%E8%88%88%E7%99%82%E6%B3%95,/%E9%83%A8%E8%90%BD%E6%A0%BC/f/%E9%96%8B%E5%95%9F%E6%83%85%E7%B7%92%E5%AF%86%E7%A2%BC-%E5%97%85%E8%A6%BA%E7%99%82%E6%B3%95-%E2%80%93-%E5%BF%83%E7%90%86%E6%83%85%E7%B7%92psycho-emotional%E7%9A%84%E6%96%B0%E8%88%88%E7%99%82%E6%B3%95,__pages/89932a46ed0a3e12c69e.html
https://yuanliuschool.com/%E9%83%A8%E8%90%BD%E6%A0%BC/f/%E9%97%9C%E4%BF%82%E7%9A%84%E9%A6%99%E6%B0%A3%E7%85%89%E9%87%91%E8%A1%93,/%E9%83%A8%E8%90%BD%E6%A0%BC/f/%E9%97%9C%E4%BF%82%E7%9A%84%E9%A6%99%E6%B0%A3%E7%85%89%E9%87%91%E8%A1%93,%E9%83%A8%E8%90%BD%E6%A0%BC/f/%E9%97%9C%E4%BF%82%E7%9A%84%E9%A6%99%E6%B0%A3%E7%85%89%E9%87%91%E8%A1%93.html
https://yuanliuschool.com/%E9%83%A8%E8%90%BD%E6%A0%BC/f/%E9%97%9C%E6%96%BC%E7%A8%80%E6%9C%89%E5%8B%95%E7%89%A9%E9%A6%99%E6%B0%A3%E7%9A%84%E9%BB%9E%E6%BB%B4%E5%88%86%E4%BA%AB,/%E9%83%A8%E8%90%BD%E6%A0%BC/f/%E9%97%9C%E6%96%BC%E7%A8%80%E6%9C%89%E5%8B%95%E7%89%A9%E9%A6%99%E6%B0%A3%E7%9A%84%E9%BB%9E%E6%BB%B4%E5%88%86%E4%BA%AB,__pages/be476d2b5b4527f735fd.html
https://yuanliuschool.com/%E9%83%A8%E8%90%BD%E6%A0%BC/f/%E9%9B%99%E9%85%AE%EF%BC%BF%E7%82%BA%E7%BE%A9%E5%A4%A7%E5%88%A9%E6%B0%B8%E4%B9%85%E8%8A%B1%E5%B8%B6%E4%BE%86%E5%9B%9E%E6%98%A5%E5%A5%87%E6%95%88%E7%9A%84%E6%B4%AA%E8%8D%92%E4%B9%8B%E5%8A%9B,/%E9%83%A8%E8%90%BD%E6%A0%BC/f/%E9%9B%99%E9%85%AE%EF%BC%BF%E7%82%BA%E7%BE%A9%E5%A4%A7%E5%88%A9%E6%B0%B8%E4%B9%85%E8%8A%B1%E5%B8%B6%E4%BE%86%E5%9B%9E%E6%98%A5%E5%A5%87%E6%95%88%E7%9A%84%E6%B4%AA%E8%8D%92%E4%B9%8B%E5%8A%9B,__pages/d2ae0e75ac50b83f60b1.html
https://yuanliuschool.com/%E9%83%A8%E8%90%BD%E6%A0%BC/f/%E9%A6%99%E6%B0%B4-%E5%A4%A9%E7%84%B6%E6%88%96%E6%98%AF%E4%BA%BA%E5%B7%A5,/%E9%83%A8%E8%90%BD%E6%A0%BC/f/%E9%A6%99%E6%B0%B4-%E5%A4%A9%E7%84%B6%E6%88%96%E6%98%AF%E4%BA%BA%E5%B7%A5,%E9%83%A8%E8%90%BD%E6%A0%BC/f/%E9%A6%99%E6%B0%B4-%E5%A4%A9%E7%84%B6%E6%88%96%E6%98%AF%E4%BA%BA%E5%B7%A5.html
https://yuanliuschool.com/%E9%83%A8%E8%90%BD%E6%A0%BC/f/%E9%AB%98%E5%9C%B0%E6%9D%9C%E6%9D%BE%E6%BC%BF%E6%9E%9C,/%E9%83%A8%E8%90%BD%E6%A0%BC/f/%E9%AB%98%E5%9C%B0%E6%9D%9C%E6%9D%BE%E6%BC%BF%E6%9E%9C,%E9%83%A8%E8%90%BD%E6%A0%BC/f/%E9%AB%98%E5%9C%B0%E6%9D%9C%E6%9D%BE%E6%BC%BF%E6%9E%9C.html
https://yuanliuschool.com/%E9%83%A8%E8%90%BD%E6%A0%BC/f/%E9%AB%98%E5%9C%B0%E6%9D%9C%E6%9D%BE%E9%87%9D%E8%91%89,/%E9%83%A8%E8%90%BD%E6%A0%BC/f/%E9%AB%98%E5%9C%B0%E6%9D%9C%E6%9D%BE%E9%87%9D%E8%91%89,%E9%83%A8%E8%90%BD%E6%A0%BC/f/%E9%AB%98%E5%9C%B0%E6%9D%9C%E6%9D%BE%E9%87%9D%E8%91%89.html
https://yuanliuschool.com/%E9%83%A8%E8%90%BD%E6%A0%BC/f/%E9%AB%AF%E8%8A%B1%E6%9D%9C%E9%B5%91,/%E9%83%A8%E8%90%BD%E6%A0%BC/f/%E9%AB%AF%E8%8A%B1%E6%9D%9C%E9%B5%91,%E9%83%A8%E8%90%BD%E6%A0%BC/f/%E9%AB%AF%E8%8A%B1%E6%9D%9C%E9%B5%91.html
https://yuanliuschool.com/%E9%83%A8%E8%90%BD%E6%A0%BC/f/%E9%BB%83%E8%91%B5%E7%B1%BD,/%E9%83%A8%E8%90%BD%E6%A0%BC/f/%E9%BB%83%E8%91%B5%E7%B1%BD,%E9%83%A8%E8%90%BD%E6%A0%BC/f/%E9%BB%83%E8%91%B5%E7%B1%BD.html
https://yuanliuschool.com/%E9%83%A8%E8%90%BD%E6%A0%BC/f/%E9%BB%91%E7%A8%AE%E8%8D%89black-cumin,/%E9%83%A8%E8%90%BD%E6%A0%BC/f/%E9%BB%91%E7%A8%AE%E8%8D%89black-cumin,%E9%83%A8%E8%90%BD%E6%A0%BC/f/%E9%BB%91%E7%A8%AE%E8%8D%89black-cumin.html
https://yuanliuschool.com/%E9%83%A8%E8%90%BD%E6%A0%BC/f/les-fleurs-%C3%A9ternelles-%E6%B0%B8%E6%81%92%E4%B9%8B%E8%8A%B1,/%E9%83%A8%E8%90%BD%E6%A0%BC/f/les-fleurs-%C3%A9ternelles-%E6%B0%B8%E6%81%92%E4%B9%8B%E8%8A%B1,%E9%83%A8%E8%90%BD%E6%A0%BC/f/les-fleurs-%C3%A9ternelles-%E6%B0%B8%E6%81%92%E4%B9%8B%E8%8A%B1.html
https://yuanliuschool.com/%E9%97%9C%E4%BF%82%E7%9A%84%E9%A6%99%E6%B0%A3%E7%85%89%E9%87%91%E8%A1%93,/%E9%97%9C%E4%BF%82%E7%9A%84%E9%A6%99%E6%B0%A3%E7%85%89%E9%87%91%E8%A1%93,%E9%97%9C%E4%BF%82%E7%9A%84%E9%A6%99%E6%B0%A3%E7%85%89%E9%87%91%E8%A1%93.html
https://yuanliuschool.com/%E9%97%9C%E6%96%BC%E6%88%91%E5%80%91,/%E9%97%9C%E6%96%BC%E6%88%91%E5%80%91,%E9%97%9C%E6%96%BC%E6%88%91%E5%80%91.html
https://yuanliuschool.com/%E9%97%9C%E6%96%BC%E6%B3%95%E5%BC%8F%E9%A6%99%E6%B0%B4%E5%9F%BA%E7%A4%8E%E7%A0%94%E7%BF%92%E8%AA%B2%E7%A8%8B%EF%BC%8C%E4%BD%A0%E6%87%89%E8%A9%B2%E7%9F%A5%E9%81%93%E7%9A%84%E5%B9%BE%E4%BB%B6%E4%BA%8B,/%E9%97%9C%E6%96%BC%E6%B3%95%E5%BC%8F%E9%A6%99%E6%B0%B4%E5%9F%BA%E7%A4%8E%E7%A0%94%E7%BF%92%E8%AA%B2%E7%A8%8B%EF%BC%8C%E4%BD%A0%E6%87%89%E8%A9%B2%E7%9F%A5%E9%81%93%E7%9A%84%E5%B9%BE%E4%BB%B6%E4%BA%8B,__pages/082e84b803c45e6e1226.html
https://yuanliuschool.com/%E9%A6%99%E6%B0%A3%E6%97%85%E8%A1%8C,/%E9%A6%99%E6%B0%A3%E6%97%85%E8%A1%8C,%E9%A6%99%E6%B0%A3%E6%97%85%E8%A1%8C.html
https://yuanliuschool.com/%E9%A6%99%E6%B0%A3%E8%88%87%E5%BF%83%E9%9D%88%E6%A4%8D%E8%A6%BA%E8%AA%BF%E6%B2%B9%E5%B7%A5%E4%BD%9C%E5%9D%8A,/%E9%A6%99%E6%B0%A3%E8%88%87%E5%BF%83%E9%9D%88%E6%A4%8D%E8%A6%BA%E8%AA%BF%E6%B2%B9%E5%B7%A5%E4%BD%9C%E5%9D%8A,__pages/80a459c6aeb331422c16.html
https://yuanliuschool.com/ifa%E8%8B%B1%E5%9C%8B%E5%9C%8B%E9%9A%9B%E8%8A%B3%E7%99%82%E5%B8%AB%E8%AD%89%E7%85%A7%E8%AA%B2%E2%80%94%E5%B8%AB%E8%B3%87%E4%BB%8B%E7%B4%B9,/ifa%E8%8B%B1%E5%9C%8B%E5%9C%8B%E9%9A%9B%E8%8A%B3%E7%99%82%E5%B8%AB%E8%AD%89%E7%85%A7%E8%AA%B2%E2%80%94%E5%B8%AB%E8%B3%87%E4%BB%8B%E7%B4%B9,__pages/bc5f36b45d0d6f62fd85.html
https://yuanliuschool.com/ifa%E8%8B%B1%E5%9C%8B%E5%9C%8B%E9%9A%9B%E8%8A%B3%E7%99%82%E5%B8%AB%E8%AD%89%E7%85%A7%E8%AA%B2-%E5%AD%B8%E5%93%A1%E5%AD%B8%E7%BF%92%E5%BF%83%E5%BE%97,/ifa%E8%8B%B1%E5%9C%8B%E5%9C%8B%E9%9A%9B%E8%8A%B3%E7%99%82%E5%B8%AB%E8%AD%89%E7%85%A7%E8%AA%B2-%E5%AD%B8%E5%93%A1%E5%AD%B8%E7%BF%92%E5%BF%83%E5%BE%97,__pages/adcdf28bcbf56c2a6a97.html
https://yuanliuschool.com/ifa-%E8%8B%B1%E5%9C%8B%E5%9C%8B%E9%9A%9B%E8%8A%B3%E7%99%82%E5%B8%AB%E8%AD%89%E7%85%A7%E8%AA%B2,/ifa-%E8%8B%B1%E5%9C%8B%E5%9C%8B%E9%9A%9B%E8%8A%B3%E7%99%82%E5%B8%AB%E8%AD%89%E7%85%A7%E8%AA%B2,__pages/dc87edca8098484c4c55.html
https://yuanliuschool.com/ifa-peot-%E7%B2%BE%E6%B2%B9%E8%87%A8%E5%BA%8A%E9%85%8D%E6%96%B9%E5%AD%B8,/ifa-peot-%E7%B2%BE%E6%B2%B9%E8%87%A8%E5%BA%8A%E9%85%8D%E6%96%B9%E5%AD%B8,ifa-peot-%E7%B2%BE%E6%B2%B9%E8%87%A8%E5%BA%8A%E9%85%8D%E6%96%B9%E5%AD%B8.html
https://yuanliuschool.com/ifa-peot-%E8%8A%B3%E9%A6%99%E7%9A%AE%E8%86%9A%E5%AD%B8,/ifa-peot-%E8%8A%B3%E9%A6%99%E7%9A%AE%E8%86%9A%E5%AD%B8,ifa-peot-%E8%8A%B3%E9%A6%99%E7%9A%AE%E8%86%9A%E5%AD%B8.html
https://yuanliuschool.com/isipca-%E6%B3%95%E5%BC%8F%E5%A5%A2%E8%8F%AF%E9%A6%99%E6%B0%B4%E5%9C%8B%E9%9A%9B%E8%AD%89%E7%85%A7%E8%AA%B2,/isipca-%E6%B3%95%E5%BC%8F%E5%A5%A2%E8%8F%AF%E9%A6%99%E6%B0%B4%E5%9C%8B%E9%9A%9B%E8%AD%89%E7%85%A7%E8%AA%B2,__pages/ca9d7acd201c34c202ff.html
https://yuanliuschool.com/isipca-%E6%B3%95%E5%BC%8F%E5%A5%A2%E8%8F%AF%E9%A6%99%E6%B0%B4-%E5%87%A1%E7%88%BE%E8%B3%BD%E4%B9%8B%E5%A4%A2%E9%AB%98%E9%9A%8E%E7%8F%AD,/isipca-%E6%B3%95%E5%BC%8F%E5%A5%A2%E8%8F%AF%E9%A6%99%E6%B0%B4-%E5%87%A1%E7%88%BE%E8%B3%BD%E4%B9%8B%E5%A4%A2%E9%AB%98%E9%9A%8E%E7%8F%AD,__pages/353f0c2dee3649598ada.html
https://yuanliuschool.com/isipca-%E6%B3%95%E5%BC%8F%E5%A5%A2%E8%8F%AF%E9%A6%99%E6%B0%B4-%E8%AA%BF%E9%A6%99%E5%B8%AB%E7%9A%84%E9%BC%BB%E5%AD%90%E5%9F%BA%E7%A4%8E%E7%8F%AD,/isipca-%E6%B3%95%E5%BC%8F%E5%A5%A2%E8%8F%AF%E9%A6%99%E6%B0%B4-%E8%AA%BF%E9%A6%99%E5%B8%AB%E7%9A%84%E9%BC%BB%E5%AD%90%E5%9F%BA%E7%A4%8E%E7%8F%AD,__pages/a308e0741584ccacbbb5.html
https://yuanliuschool.com/isipca-%E6%B3%95%E5%BC%8F%E5%A5%A2%E8%8F%AF%E9%A6%99%E6%B0%B4-%E9%A6%99%E6%B0%B4%E7%9A%84%E9%9D%88%E9%AD%82%E9%80%B2%E9%9A%8E%E7%8F%AD,/isipca-%E6%B3%95%E5%BC%8F%E5%A5%A2%E8%8F%AF%E9%A6%99%E6%B0%B4-%E9%A6%99%E6%B0%B4%E7%9A%84%E9%9D%88%E9%AD%82%E9%80%B2%E9%9A%8E%E7%8F%AD,__pages/b2299983ad6845ed19e1.html
https://yuanliuschool.com/mld-%E7%B6%93%E5%85%B8%E5%BE%92%E6%89%8B%E6%B7%8B%E5%B7%B4%E5%BC%95%E6%B5%81%E8%AD%89%E7%85%A7%E8%AA%B2,/mld-%E7%B6%93%E5%85%B8%E5%BE%92%E6%89%8B%E6%B7%8B%E5%B7%B4%E5%BC%95%E6%B5%81%E8%AD%89%E7%85%A7%E8%AA%B2,__pages/55615dd8d281bb1abd30.html
https://yuanliuschool.com/mld-%E8%87%A8%E5%BA%8A%E6%B2%BB%E7%99%82%E5%B8%AB%E8%AD%89%E7%85%A7%E8%AA%B2%E7%A8%8B,/mld-%E8%87%A8%E5%BA%8A%E6%B2%BB%E7%99%82%E5%B8%AB%E8%AD%89%E7%85%A7%E8%AA%B2%E7%A8%8B,__pages/e91ed21627ed09a6b118.html
https://yuanliuschool.com/mld-%E9%86%AB%E7%BE%8E%2F%E8%8A%B3%E7%99%82%E6%B2%BB%E7%99%82%E5%B8%AB%E8%AD%89%E7%85%A7%E8%AA%B2%E7%A8%8B-1,/mld-%E9%86%AB%E7%BE%8E%2F%E8%8A%B3%E7%99%82%E6%B2%BB%E7%99%82%E5%B8%AB%E8%AD%89%E7%85%A7%E8%AA%B2%E7%A8%8B-1,__pages/fa1937744a7b44fd33be.html
https://yuanliuschool.com/mld-therapy-update,/mld-therapy-update,mld-therapy-update.html
https://yuanliuschool.com/naha-%E9%A6%99%E6%B0%9B%E7%94%9F%E6%B4%BB%E5%AE%B6%E7%9A%8410%E5%80%8B%E4%BF%9D%E5%81%A5%E9%85%8D%E6%96%B9,/naha-%E9%A6%99%E6%B0%9B%E7%94%9F%E6%B4%BB%E5%AE%B6%E7%9A%8410%E5%80%8B%E4%BF%9D%E5%81%A5%E9%85%8D%E6%96%B9,__pages/ff3e6aece4296d921b64.html
